GDP,Population,Year,Country,ISO3
19134221644.7325,33831764.0,2015,Afghanistan,AFG
18116572395.0772,34700612.0,2016,Afghanistan,AFG
18753456497.8159,35688935.0,2017,Afghanistan,AFG
18053222687.4126,36743039.0,2018,Afghanistan,AFG
11470171826.9575,2731293.0,2015,Albania,ALB
11988668784.6628,2689469.0,2016,Albania,ALB
13258268435.6048,2648285.0,2017,Albania,ALB
15379508329.7568,2607733.0,2018,Albania,ALB
187493855609.345,40019529.0,2015,Algeria,DZA
180763839522.151,40850721.0,2016,Algeria,DZA
189880896903.073,41689299.0,2017,Algeria,DZA
194554483655.528,42505035.0,2018,Algeria,DZA
673000000.0,52878.0,2015,American Samoa,ASM
671000000.0,52245.0,2016,American Samoa,ASM
612000000.0,51586.0,2017,American Samoa,ASM
639000000.0,50908.0,2018,American Samoa,ASM
2789882569.1005,72174.0,2015,Andorra,AND
2896611878.6258,72181.0,2016,Andorra,AND
3000160414.63795,73763.0,2017,Andorra,AND
3218418631.67579,75162.0,2018,Andorra,AND
102543067840.732,28157798.0,2015,Angola,AGO
59878249719.3279,29183070.0,2016,Angola,AGO
84376935689.3366,30234839.0,2017,Angola,AGO
89512794227.495,31297155.0,2018,Angola,AGO
1437485185.18519,89409.0,2015,Antigua and Barbuda,ATG
1489603703.7037,89969.0,2016,Antigua and Barbuda,ATG
1534855555.55556,90468.0,2017,Antigua and Barbuda,ATG
1661529629.62963,90926.0,2018,Antigua and Barbuda,ATG
594749285413.212,43477012.0,2015,Argentina,ARG
557532320662.955,43900313.0,2016,Argentina,ARG
643628393281.364,44288894.0,2017,Argentina,ARG
524819892360.176,44654882.0,2018,Argentina,ARG
10553337518.414,3004600.0,2015,Armenia,ARM
10546136235.5219,2992300.0,2016,Armenia,ARM
11527458709.0158,2979400.0,2017,Armenia,ARM
12457940694.7395,2969000.0,2018,Armenia,ARM
2962906703.91061,107906.0,2015,Aruba,ABW
2983637430.1676,108727.0,2016,Aruba,ABW
3092427932.96089,108735.0,2017,Aruba,ABW
3276187709.49721,108908.0,2018,Aruba,ABW
1356805839935.9,23815995.0,2015,Australia,AUS
1211588128417.61,24190907.0,2016,Australia,AUS
1330890554614.09,24592588.0,2017,Australia,AUS
1433144978761.67,24963258.0,2018,Australia,AUS
379546097300.633,8642699.0,2015,Austria,AUT
393687359770.273,8736668.0,2016,Austria,AUT
414926138132.691,8797566.0,2017,Austria,AUT
452582294972.775,8840521.0,2018,Austria,AUT
53076235354.746,9649341.0,2015,Azerbaijan,AZE
37866996882.9157,9757812.0,2016,Azerbaijan,AZE
40866627351.9817,9854033.0,2017,Azerbaijan,AZE
47112470051.7701,9939771.0,2018,Azerbaijan,AZE
11837600000.0,385346.0,2015,Bahamas,BHS
11880900000.0,388055.0,2016,Bahamas,BHS
12446900000.0,390485.0,2017,Bahamas,BHS
12819200000.0,392717.0,2018,Bahamas,BHS
32523297872.3404,1370322.0,2015,Bahrain,BHR
33884680851.0638,1423726.0,2016,Bahrain,BHR
37204813829.7872,1501116.0,2017,Bahrain,BHR
39567978723.4043,1503091.0,2018,Bahrain,BHR
195146608978.131,159383179.0,2015,Bangladesh,BGD
265224515675.034,160811932.0,2016,Bangladesh,BGD
293732446624.596,162186147.0,2017,Bangladesh,BGD
321362752441.78,163523103.0,2018,Bangladesh,BGD
5698150000.0,278990.0,2015,Barbados,BRB
5674600000.0,279598.0,2016,Barbados,BRB
5683150000.0,280171.0,2017,Barbados,BRB
6001950000.0,280711.0,2018,Barbados,BRB
56454769844.7632,9461076.0,2015,Belarus,BLR
47723545321.259,9469379.0,2016,Belarus,BLR
54725405751.1559,9458989.0,2017,Belarus,BLR
60031026576.26,9438785.0,2018,Belarus,BLR
461044767544.531,11274196.0,2015,Belgium,BEL
474271566739.729,11331422.0,2016,Belgium,BEL
500908767351.53,11375158.0,2017,Belgium,BEL
542638913427.921,11427054.0,2018,Belgium,BEL
2193095150.0,356333.0,2015,Belize,BLZ
2239604950.0,364705.0,2016,Belize,BLZ
2266028250.0,373202.0,2017,Belize,BLZ
2285915050.0,380226.0,2018,Belize,BLZ
11388160996.7738,11360681.0,2015,Benin,BEN
11821065853.3838,11697842.0,2016,Benin,BEN
12701655836.9467,12039780.0,2017,Benin,BEN
14262408089.9261,12383347.0,2018,Benin,BEN
6654541000.0,63464.0,2015,Bermuda,BMU
6899911000.0,63449.0,2016,Bermuda,BMU
7142316000.0,63578.0,2017,Bermuda,BMU
7225977000.0,63831.0,2018,Bermuda,BMU
2187815803.36833,740618.0,2015,Bhutan,BTN
2357504760.78592,747866.0,2016,Bhutan,BTN
2591358009.20276,754335.0,2017,Bhutan,BTN
2583335721.85904,759759.0,2018,Bhutan,BTN
33000198248.9146,11014705.0,2015,Bolivia,BOL
33941126193.9219,11180020.0,2016,Bolivia,BOL
45927439594.7902,11344587.0,2017,Bolivia,BOL
48414038842.2576,11508368.0,2018,Bolivia,BOL
16404348361.0926,3518541.0,2015,Bosnia and Herzegovina,BIH
17116926553.8513,3473003.0,2016,Bosnia and Herzegovina,BIH
18326373135.6099,3428682.0,2017,Bosnia and Herzegovina,BIH
20484058033.1144,3387000.0,2018,Bosnia and Herzegovina,BIH
13530748844.505,2203273.0,2015,Botswana,BWA
15082637184.0496,2234776.0,2016,Botswana,BWA
16105155856.7708,2266747.0,2017,Botswana,BWA
17031943186.1353,2299141.0,2018,Botswana,BWA
1802211999456.42,201675532.0,2015,Brazil,BRA
1795693265999.04,203218114.0,2016,Brazil,BRA
2063514688805.78,204703445.0,2017,Brazil,BRA
1916933708352.71,206107261.0,2018,Brazil,BRA
12930296870.1247,422212.0,2015,Brunei Darussalam,BRN
11400266044.6651,427564.0,2016,Brunei Darussalam,BRN
12128168045.1245,432772.0,2017,Brunei Darussalam,BRN
13566908391.0895,437810.0,2018,Brunei Darussalam,BRN
50765918159.1476,6984225.0,2015,Bulgaria,BGR
53929397039.2106,6894139.0,2016,Bulgaria,BGR
59167647387.606,6803468.0,2017,Bulgaria,BGR
66097226262.2191,6710798.0,2018,Bulgaria,BGR
11832159315.6298,18777487.0,2015,Burkina Faso,BFA
12833363045.3367,19334856.0,2016,Burkina Faso,BFA
14106955615.3442,19894407.0,2017,Burkina Faso,BFA
15890066221.2882,20438288.0,2018,Burkina Faso,BFA
2810532912.49975,11047580.0,2015,Burundi,BDI
2618093125.14687,11239451.0,2016,Burundi,BDI
2831362208.34039,11506762.0,2017,Burundi,BDI
2913411408.44783,11859446.0,2018,Burundi,BDI
1749857620.35329,512394.0,2015,Cabo Verde,CPV
1849789985.99572,512554.0,2016,Cabo Verde,CPV
1996741539.95088,512893.0,2017,Cabo Verde,CPV
2205099506.99994,513415.0,2018,Cabo Verde,CPV
24174170369.0738,15623251.0,2015,Cambodia,KHM
26556545153.3573,15852803.0,2016,Cambodia,KHM
29355665909.7905,16073372.0,2017,Cambodia,KHM
33145892168.8958,16274522.0,2018,Cambodia,KHM
32210233020.4569,22763414.0,2015,Cameroon,CMR
33814337044.3765,23454161.0,2016,Cameroon,CMR
36098547033.1655,24128601.0,2017,Cameroon,CMR
39955552189.795,24806383.0,2018,Cameroon,CMR
1556508816217.14,35704498.0,2015,Canada,CAN
1527994741907.43,36110803.0,2016,Canada,CAN
1649265644244.09,36545075.0,2017,Canada,CAN
1725329192783.02,37072620.0,2018,Canada,CAN
4708167255.28727,61642.0,2015,Cayman Islands,CYM
4909322200.00212,63100.0,2016,Cayman Islands,CYM
5166281293.18715,64535.0,2017,Cayman Islands,CYM
5530178498.90783,65941.0,2018,Cayman Islands,CYM
1695825714.19282,4629320.0,2015,Central African Republic,CAF
1825018144.65595,4713663.0,2016,Central African Republic,CAF
2072349972.6818,4793511.0,2017,Central African Republic,CAF
2220979146.11241,4878657.0,2018,Central African Republic,CAF
14559599499.5011,14647621.0,2015,Chad,TCD
13026289835.7789,15114655.0,2016,Chad,TCD
13349041408.7152,15622759.0,2017,Chad,TCD
15327000248.8701,16156531.0,2018,Chad,TCD
242450355830.884,18047625.0,2015,Chile,CHL
249344863928.438,18267221.0,2016,Chile,CHL
276154259981.097,18558868.0,2017,Chile,CHL
295857562991.709,18893191.0,2018,Chile,CHL
11280814787468.9,1379860000.0,2015,China,CHN
11456024084962.0,1387790000.0,2016,China,CHN
12537559062282.9,1396215000.0,2017,China,CHN
14147765772963.8,1402760000.0,2018,China,CHN
293492370193.166,46969940.0,2015,Colombia,COL
282720100286.228,47437512.0,2016,Colombia,COL
311866875156.879,48131078.0,2017,Colombia,COL
334198218098.276,49024465.0,2018,Colombia,COL
966029600.862227,726682.0,2015,Comoros,COM
1012835493.19325,741741.0,2016,Comoros,COM
1077439756.59451,756669.0,2017,Comoros,COM
1178530633.24599,771590.0,2018,Comoros,COM
12434793867.3568,5097581.0,2015,Republic of the Congo,COG
10931328150.8478,5222536.0,2016,Republic of the Congo,COG
11834473039.3645,5351011.0,2017,Republic of the Congo,COG
14773900288.5135,5483118.0,2018,Republic of the Congo,COG
56441920820.5194,4818038.0,2015,Costa Rica,CRI
58847019609.6549,4866998.0,2016,Costa Rica,CRI
60516044656.5206,4913177.0,2017,Costa Rica,CRI
62420164991.5374,4957818.0,2018,Costa Rica,CRI
50998893384.8289,4151725.0,2015,Croatia,HRV
52650714171.8617,4106867.0,2016,Croatia,HRV
56182782585.9052,4041407.0,2017,Croatia,HRV
61667925219.0755,3988775.0,2018,Croatia,HRV
87132800000.0,11275065.0,2015,Cuba,CUB
91370407900.0,11265612.0,2016,Cuba,CUB
96850649700.0,11247829.0,2017,Cuba,CUB
100050036100.0,11227118.0,2018,Cuba,CUB
19909278416.8575,1219502.0,2015,Cyprus,CYP
21046462280.5979,1237112.0,2016,Cyprus,CYP
22946570628.7576,1254275.0,2017,Cyprus,CYP
25754001367.5448,1270737.0,2018,Cyprus,CYP
189107698561.919,10546059.0,2015,Czechia,CZE
198160659303.939,10566332.0,2016,Czechia,CZE
221563575696.217,10594438.0,2017,Czechia,CZE
251992360762.236,10629928.0,2018,Czechia,CZE
301758922337.637,5683483.0,2015,Denmark,DNK
312181849372.233,5728010.0,2016,Denmark,DNK
331610593961.988,5764980.0,2017,Denmark,DNK
355293374912.393,5793636.0,2018,Denmark,DNK
2424391785.43897,1020313.0,2015,Djibouti,DJI
2604955228.70117,1037653.0,2016,Djibouti,DJI
2762581334.22612,1054841.0,2017,Djibouti,DJI
2913464658.08768,1071882.0,2018,Djibouti,DJI
583177777.777778,70410.0,2015,Dominica,DMA
612711111.111111,69606.0,2016,Dominica,DMA
563355555.555555,68496.0,2017,Dominica,DMA
628244444.444444,68174.0,2018,Dominica,DMA
70966782572.4386,10434829.0,2015,Dominican Republic,DOM
75552902635.7075,10551430.0,2016,Dominican Republic,DOM
79070274743.1658,10666843.0,2017,Dominican Republic,DOM
84994732049.3461,10782053.0,2018,Dominican Republic,DOM
97209558000.0,16266225.0,2015,Ecuador,ECU
97671433000.0,16505139.0,2016,Ecuador,ECU
104467486000.0,16759519.0,2017,Ecuador,ECU
107478961000.0,17049547.0,2018,Ecuador,ECU
329366576819.407,99597342.0,2015,Egypt,EGY
332441717791.411,101644589.0,2016,Egypt,EGY
248362771739.13,103696057.0,2017,Egypt,EGY
262588632526.73,105682094.0,2018,Egypt,EGY
23438240000.0,6183676.0,2015,El Salvador,SLV
24191430000.0,6200800.0,2016,El Salvador,SLV
24979190000.0,6213533.0,2017,El Salvador,SLV
26020850000.0,6219807.0,2018,El Salvador,SLV
13185496881.0174,1453923.0,2015,Equatorial Guinea,GNQ
11240808847.8878,1508186.0,2016,Equatorial Guinea,GNQ
12200913878.9827,1562396.0,2017,Equatorial Guinea,GNQ
13097012133.6159,1616422.0,2018,Equatorial Guinea,GNQ
2065001626.01626,3105546.0,2015,Eritrea,ERI
2065001626.01626,3124698.0,2016,Eritrea,ERI
2065001626.01626,3150347.0,2017,Eritrea,ERI
2065001626.01626,3192760.0,2018,Eritrea,ERI
23311847750.9394,1315407.0,2015,Estonia,EST
24561027787.7896,1315790.0,2016,Estonia,EST
27469461919.1189,1317384.0,2017,Estonia,EST
31222632740.7247,1321977.0,2018,Estonia,EST
3908217914.21824,1142813.0,2015,Eswatini,SWZ
3722306116.72872,1149507.0,2016,Eswatini,SWZ
4462640651.49219,1158195.0,2017,Eswatini,SWZ
4643751059.28203,1168929.0,2018,Eswatini,SWZ
62103418181.8182,103867135.0,2015,Ethiopia,ETH
68475871209.607,106718162.0,2016,Ethiopia,ETH
76366081766.6667,109666481.0,2017,Ethiopia,ETH
83337901071.9697,112664152.0,2018,Ethiopia,ETH
2573905971.05459,48899.0,2015,Faroe Islands,FRO
2813278868.78208,49464.0,2016,Faroe Islands,FRO
2980057377.87967,50180.0,2017,Faroe Islands,FRO
3188600927.46688,50996.0,2018,Faroe Islands,FRO
4682479893.97558,918578.0,2015,Fiji,FJI
4930213644.36653,919166.0,2016,Fiji,FJI
5353469174.47838,918759.0,2017,Fiji,FJI
5581425327.44397,917180.0,2018,Fiji,FJI
233210733506.25,5479531.0,2015,Finland,FIN
238777818792.608,5495303.0,2016,Finland,FIN
253846138440.0,5508214.0,2017,Finland,FIN
273869255596.078,5515525.0,2018,Finland,FIN
2442483452642.5,66548272.0,2015,France,FRA
2470407619777.13,66724104.0,2016,France,FRA
2588868323334.71,66918020.0,2017,France,FRA
2781576320884.39,67158348.0,2018,France,FRA
5325846361.81186,277866.0,2015,French Polynesia,PYF
5497036476.8031,279178.0,2016,French Polynesia,PYF
5833352692.7995,280087.0,2017,French Polynesia,PYF
6135116253.33452,279815.0,2018,French Polynesia,PYF
14383107762.6952,2040989.0,2015,Gabon,GAB
14023890265.3665,2100306.0,2016,Gabon,GAB
14929487485.1623,2156900.0,2017,Gabon,GAB
16867326401.9626,2212318.0,2018,Gabon,GAB
1378176608.93204,2224529.0,2015,Gambia,GMB
1484578885.97132,2283769.0,2016,Gambia,GMB
1504909462.69521,2342189.0,2017,Gambia,GMB
1670671327.81651,2399632.0,2018,Gambia,GMB
15223796148.8396,3725276.0,2015,Georgia,GEO
15444548901.9637,3727505.0,2016,Georgia,GEO
16473125375.0684,3728004.0,2017,Georgia,GEO
17902544880.6471,3726549.0,2018,Georgia,GEO
3425099578746.09,81686611.0,2015,Germany,DEU
3536787895179.0,82348669.0,2016,Germany,DEU
3765351626105.89,82657002.0,2017,Germany,DEU
4055433215301.96,82905782.0,2018,Germany,DEU
49436806230.4839,28696068.0,2015,Ghana,GHA
56144179397.8516,29356742.0,2016,Ghana,GHA
60385409434.8567,30008354.0,2017,Ghana,GHA
67259353965.6087,30637585.0,2018,Ghana,GHA
194567373678.099,10820883.0,2015,Greece,GRC
193097239005.87,10775971.0,2016,Greece,GRC
200381103984.298,10754679.0,2017,Greece,GRC
213298873494.394,10732882.0,2018,Greece,GRC
2499113022.81675,56114.0,2015,Greenland,GRL
2707139544.46695,56186.0,2016,Greenland,GRL
2851613679.03433,56172.0,2017,Greenland,GRL
3055782146.15957,56023.0,2018,Greenland,GRL
997007407.407407,114676.0,2015,Grenada,GRD
1061640740.74074,115130.0,2016,Grenada,GRD
1125685185.18519,115438.0,2017,Grenada,GRD
1166514814.81481,115691.0,2018,Grenada,GRD
5799000000.0,164905.0,2015,Guam,GUM
5901000000.0,164233.0,2016,Guam,GUM
6013000000.0,163490.0,2017,Guam,GUM
6051000000.0,162679.0,2018,Guam,GUM
62186066547.6566,15971743.0,2015,Guatemala,GTM
66053408205.8838,16268760.0,2016,Guatemala,GTM
71653780740.4226,16567357.0,2017,Guatemala,GTM
73328356007.6152,16845685.0,2018,Guatemala,GTM
8794201742.84609,11767070.0,2015,Guinea,GIN
8595955222.49719,12073030.0,2016,Guinea,GIN
10324668271.1362,12385659.0,2017,Guinea,GIN
11857030366.7891,12704774.0,2018,Guinea,GIN
1152384166.79638,1786457.0,2015,Guinea-Bissau,GNB
1245074264.10396,1831893.0,2016,Guinea-Bissau,GNB
1469978606.12143,1877072.0,2017,Guinea-Bissau,GNB
1554133593.91699,1922168.0,2018,Guinea-Bissau,GNB
4279840193.7046,758781.0,2015,Guyana,GUY
4482697336.56174,763548.0,2016,Guyana,GUY
4748174334.14044,768479.0,2017,Guyana,GUY
4787636997.85343,791556.0,2018,Guyana,GUY
14849629308.6025,10523242.0,2015,Haiti,HTI
14069277526.2278,10671457.0,2016,Haiti,HTI
15093357161.1498,10817754.0,2017,Haiti,HTI
16403864617.8458,10962362.0,2018,Haiti,HTI
20979791685.416,9237305.0,2015,Honduras,HND
21717604952.1835,9412380.0,2016,Honduras,HND
23136247990.5977,9588137.0,2017,Honduras,HND
24067750760.499,9765210.0,2018,Honduras,HND
309385622601.348,7291300.0,2015,Hong Kong,HKG
320860317562.562,7336600.0,2016,Hong Kong,HKG
341273289534.466,7393200.0,2017,Hong Kong,HKG
361731070995.726,7452600.0,2018,Hong Kong,HKG
125244126623.289,9797755.0,2015,Hungary,HUN
128983560865.293,9759755.0,2016,Hungary,HUN
143335098991.862,9726756.0,2017,Hungary,HUN
161184691013.835,9706964.0,2018,Hungary,HUN
17700486957.1907,330815.0,2015,Iceland,ISL
21083713310.457,335439.0,2016,Iceland,ISL
25060086487.8901,343400.0,2017,Iceland,ISL
26677652544.3499,352721.0,2018,Iceland,ISL
2103588360044.94,1328024498.0,2015,India,IND
2294796885663.16,1343944296.0,2016,India,IND
2651474262755.45,1359657400.0,2017,India,IND
2702929641648.74,1374659064.0,2018,India,IND
860854232686.214,261799249.0,2015,Indonesia,IDN
931877364037.698,264627418.0,2016,Indonesia,IDN
1015618744159.73,267346658.0,2017,Indonesia,IDN
1042271532988.63,269951846.0,2018,Indonesia,IDN
409191686496.677,82619362.0,2015,Iran,IRN
478618064870.999,83812228.0,2016,Iran,IRN
510239893417.645,85026754.0,2017,Iran,IRN
411903303606.044,86117998.0,2018,Iran,IRN
166774104959.102,37560535.0,2015,Iraq,IRQ
166743557747.671,38469627.0,2016,Iraq,IRQ
187217660050.676,39337353.0,2017,Iraq,IRQ
227367469034.031,40265624.0,2018,Iraq,IRQ
302101388556.271,4701957.0,2015,Ireland,IRL
305431252708.748,4762722.0,2016,Ireland,IRL
348355212568.515,4827445.0,2017,Ireland,IRL
395780319816.603,4898022.0,2018,Ireland,IRL
7084800892.22284,83593.0,2015,Isle of Man,IMN
6846377563.00683,83466.0,2016,Isle of Man,IMN
6979788333.50279,83609.0,2017,Isle of Man,IMN
7491649455.92717,83805.0,2018,Isle of Man,IMN
303469434072.296,8380100.0,2015,Israel,ISR
321940971558.016,8546000.0,2016,Israel,ISR
358451839052.991,8713300.0,2017,Israel,ISR
376299083108.497,8882800.0,2018,Israel,ISR
1845428048839.1,60229605.0,2015,Italy,ITA
1887111188176.93,60115223.0,2016,Italy,ITA
1970720904584.71,60002252.0,2017,Italy,ITA
2099435266458.67,60148658.0,2018,Italy,ITA
14963589915.5912,2802534.0,2015,Jamaica,JAM
14898999754.1229,2809915.0,2016,Jamaica,JAM
15783583236.675,2815764.0,2017,Jamaica,JAM
16855447986.2221,2820097.0,2018,Jamaica,JAM
4444930651964.18,127141000.0,2015,Japan,JPN
5003677627544.24,127076000.0,2016,Japan,JPN
4930837369151.42,126972000.0,2017,Japan,JPN
5040880939324.86,126811000.0,2018,Japan,JPN
38587017887.3239,9544729.0,2015,Jordan,JOR
39892551126.7606,10006367.0,2016,Jordan,JOR
41608435915.493,10234226.0,2017,Jordan,JOR
43370860704.2254,10462306.0,2018,Jordan,JOR
184388404706.042,18084169.0,2015,Kazakhstan,KAZ
137278320084.171,18363600.0,2016,Kazakhstan,KAZ
166805788827.233,18651931.0,2017,Kazakhstan,KAZ
179339977690.485,18932727.0,2018,Kazakhstan,KAZ
70120446896.8359,47088526.0,2015,Kenya,KEN
74815144163.8931,48139687.0,2016,Kenya,KEN
82036510877.2599,49197766.0,2017,Kenya,KEN
92202979985.2863,50207107.0,2018,Kenya,KEN
191559398.688293,116815.0,2015,Kiribati,KIR
206467818.503227,118478.0,2016,Kiribati,KIR
222875736.343445,120275.0,2017,Kiribati,KIR
233514717.441266,122084.0,2018,Kiribati,KIR
1539212301135.55,51014947.0,2015,South Korea,KOR
1579150518945.44,51217803.0,2016,South Korea,KOR
1710196756713.17,51361911.0,2017,South Korea,KOR
1824251454306.83,51585058.0,2018,South Korea,KOR
114585555688.511,3834574.0,2015,Kuwait,KWT
109406674124.652,4004096.0,2016,Kuwait,KWT
120687539805.505,4154812.0,2017,Kuwait,KWT
138646316350.727,4323515.0,2018,Kuwait,KWT
6678177511.66313,6040036.0,2015,Kyrgyz Republic,KGZ
6813095379.1187,6175338.0,2016,Kyrgyz Republic,KGZ
7702938379.42036,6306696.0,2017,Kyrgyz Republic,KGZ
8271106235.41552,6444079.0,2018,Kyrgyz Republic,KGZ
14426380125.6488,6801645.0,2015,Laos,LAO
15912501722.6143,6908802.0,2016,Laos,LAO
17071155481.4994,7018147.0,2017,Laos,LAO
18141641089.7963,7128045.0,2018,Laos,LAO
26344565876.8902,1977527.0,2015,Latvia,LVA
27117105059.5075,1959537.0,2016,Latvia,LVA
29391059767.4259,1942248.0,2017,Latvia,LVA
33247935477.3576,1927174.0,2018,Latvia,LVA
49929337836.8159,6472469.0,2015,Lebanon,LBN
51147308774.1294,6323060.0,2016,Lebanon,LBN
53027680685.9038,6160128.0,2017,Lebanon,LBN
54901519155.5556,5984119.0,2018,Lebanon,LBN
2359686724.53829,2104611.0,2015,Lesotho,LSO
2114426452.2019,2130422.0,2016,Lesotho,LSO
2306741672.29006,2157110.0,2017,Lesotho,LSO
2556247291.99785,2183603.0,2018,Lesotho,LSO
3227075700.0,4659431.0,2015,Liberia,LBR
3398419600.0,4755608.0,2016,Liberia,LBR
3390703400.0,4848925.0,2017,Liberia,LBR
3422754800.0,4944726.0,2018,Liberia,LBR
48717501321.3052,6531819.0,2015,Libya,LBY
49912073701.298,6632126.0,2016,Libya,LBY
67157452181.7738,6738770.0,2017,Libya,LBY
76686029772.1483,6849055.0,2018,Libya,LBY
6268515276.17441,37494.0,2015,Liechtenstein,LIE
6237302033.50132,37716.0,2016,Liechtenstein,LIE
6474308717.85289,37962.0,2017,Liechtenstein,LIE
6692620691.84146,38246.0,2018,Liechtenstein,LIE
41540954817.2039,2911109.0,2015,Lithuania,LTU
42970749245.0336,2877325.0,2016,Lithuania,LTU
47756764508.446,2842639.0,2017,Lithuania,LTU
54261795148.5372,2819200.0,2018,Lithuania,LTU
60071584216.1375,569604.0,2015,Luxembourg,LUX
62216885435.9488,582014.0,2016,Luxembourg,LUX
65712180342.9836,596336.0,2017,Luxembourg,LUX
71085623495.1145,607950.0,2018,Luxembourg,LUX
44940613353.1038,642900.0,2015,Macao,MAC
44964868323.7558,652500.0,2016,Macao,MAC
50297028370.6668,648400.0,2017,Macao,MAC
55076322634.344,658900.0,2018,Macao,MAC
11323020701.3017,25426702.0,2015,Madagascar,MDG
11848613858.442,26099952.0,2016,Madagascar,MDG
13176313593.5509,26788375.0,2017,Madagascar,MDG
13760033282.2925,27494926.0,2018,Madagascar,MDG
9219474379.31534,17085587.0,2015,Malawi,MWI
7909868618.46366,17557739.0,2016,Malawi,MWI
8943543793.5839,18039715.0,2017,Malawi,MWI
9879220354.29186,18528081.0,2018,Malawi,MWI
301355266964.947,31232798.0,2015,Malaysia,MYS
301256033870.334,31789685.0,2016,Malaysia,MYS
319109094160.343,32355644.0,2017,Malaysia,MYS
358788845712.53,32910967.0,2018,Malaysia,MYS
4129505319.12921,428154.0,2015,Maldives,MDV
4409942623.85538,443308.0,2016,Maldives,MDV
4816426256.52914,458287.0,2017,Maldives,MDV
5404344162.69888,473099.0,2018,Maldives,MDV
15583181170.4105,18593022.0,2015,Mali,MLI
16743796799.8329,19191289.0,2016,Mali,MLI
18308362040.0521,19813011.0,2017,Mali,MLI
20368015381.2413,20442030.0,2018,Mali,MLI
11340795042.0881,444220.0,2015,Malta,MLT
12025782834.1534,454505.0,2016,Malta,MLT
14161366724.1955,467106.0,2017,Malta,MLT
16153779510.9928,483903.0,2018,Malta,MLT
183700000.0,48800.0,2015,Marshall Islands,MHL
201800000.0,47709.0,2016,Marshall Islands,MHL
213700000.0,46529.0,2017,Marshall Islands,MHL
220000000.0,45285.0,2018,Marshall Islands,MHL
6166863896.68677,3965959.0,2015,Mauritania,MRT
6398747592.13185,4086657.0,2016,Mauritania,MRT
6800135898.28827,4210600.0,2017,Mauritania,MRT
7473550557.07378,4337685.0,2018,Mauritania,MRT
12162211503.0793,1262879.0,2015,Mauritius,MUS
12757680846.5663,1263747.0,2016,Mauritius,MUS
13896938315.2799,1264887.0,2017,Mauritius,MUS
14957535715.9696,1265577.0,2018,Mauritius,MUS
1213294467716.88,121072306.0,2015,Mexico,MEX
1112233497452.7,122251351.0,2016,Mexico,MEX
1190721475906.0,123400057.0,2017,Mexico,MEX
1256300182879.73,124573711.0,2018,Mexico,MEX
7797667196.73087,2835978.0,2015,Moldova,MDA
7980917075.7748,2803186.0,2016,Moldova,MDA
9514404016.20949,2755189.0,2017,Moldova,MDA
11252353420.8798,2707203.0,2018,Moldova,MDA
6264756528.37691,36757.0,2015,Monaco,MCO
6471290793.55029,37276.0,2016,Monaco,MCO
6430254652.58934,37678.0,2017,Monaco,MCO
7184333936.01355,38154.0,2018,Monaco,MCO
11619892590.6941,3026864.0,2015,Mongolia,MNG
11181350649.3573,3088856.0,2016,Mongolia,MNG
11480847740.736,3148917.0,2017,Mongolia,MNG
13178094720.4986,3208189.0,2018,Mongolia,MNG
4010885990.83986,624651.0,2015,Montenegro,MNE
4357469330.46719,625353.0,2016,Montenegro,MNE
4803962015.62122,625982.0,2017,Montenegro,MNE
5433467174.79183,626438.0,2018,Montenegro,MNE
110413823841.592,34607588.0,2015,Morocco,MAR
111572947004.917,35023457.0,2016,Morocco,MAR
118540573367.844,35446392.0,2017,Morocco,MAR
127341147581.818,35839760.0,2018,Morocco,MAR
16208985769.615,26547572.0,2015,Mozambique,MOZ
12069051237.1711,27337105.0,2016,Mozambique,MOZ
13264640645.7768,28166393.0,2017,Mozambique,MOZ
15017358952.8452,29018644.0,2018,Mozambique,MOZ
59607290408.4359,51089056.0,2015,Myanmar,MMR
63298361983.5653,51495696.0,2016,Myanmar,MMR
66053040475.0257,51894938.0,2017,Myanmar,MMR
67860515993.1186,52272247.0,2018,Myanmar,MMR
11335161083.5061,2374300.0,2015,Namibia,NAM
10722018732.0936,2439213.0,2016,Namibia,NAM
12895153370.9132,2506853.0,2017,Namibia,NAM
13682019076.4022,2577327.0,2018,Namibia,NAM
84863440.5801997,10954.0,2015,Nauru,NRU
97541943.0355053,11150.0,2016,Nauru,NRU
109355638.866955,11324.0,2017,Nauru,NRU
130995566.30391,11477.0,2018,Nauru,NRU
24360801286.7638,27823629.0,2015,Nepal,NPL
24524109483.5293,27955462.0,2016,Nepal,NPL
28971588940.364,28011258.0,2017,Nepal,NPL
33111525237.149,28079689.0,2018,Nepal,NPL
775743675302.734,16939923.0,2015,Netherlands,NLD
797163949289.885,17030314.0,2016,Netherlands,NLD
848233537845.884,17131296.0,2017,Netherlands,NLD
929733599796.862,17231624.0,2018,Netherlands,NLD
8738203074.3957,283168.0,2015,New Caledonia,NCL
8724568954.89799,283423.0,2016,New Caledonia,NCL
9174048681.98577,283546.0,2017,New Caledonia,NCL
9896402283.68587,283541.0,2018,New Caledonia,NCL
178224167087.99,4609400.0,2015,New Zealand,NZL
189100085275.23,4714100.0,2016,New Zealand,NZL
206745969246.073,4813600.0,2017,New Zealand,NZL
211985631173.205,4900600.0,2018,New Zealand,NZL
12756696261.0676,6149417.0,2015,Nicaragua,NIC
13286093388.4752,6232666.0,2016,Nicaragua,NIC
13785893007.4769,6316231.0,2017,Nicaragua,NIC
13025221974.232,6400080.0,2018,Nicaragua,NIC
9683867926.44282,19939498.0,2015,Niger,NER
10398861981.7583,20685753.0,2016,Niger,NER
11185104251.6943,21435446.0,2017,Niger,NER
12837307496.8821,22188069.0,2018,Niger,NER
493026682800.63,190671878.0,2015,Nigeria,NGA
404649125252.16,195443700.0,2016,Nigeria,NGA
375745731053.427,200254579.0,2017,Nigeria,NGA
421739251509.08,204938755.0,2018,Nigeria,NGA
10064519962.5655,1912430.0,2015,North Macedonia,MKD
10672467073.2873,1906313.0,2016,North Macedonia,MKD
11307067069.6658,1898657.0,2017,North Macedonia,MKD
12683068114.2388,1889051.0,2018,North Macedonia,MKD
910000000.0,51514.0,2015,Northern Mariana Islands,MNP
1230000000.0,50773.0,2016,Northern Mariana Islands,MNP
1560000000.0,49959.0,2017,Northern Mariana Islands,MNP
1301000000.0,49077.0,2018,Northern Mariana Islands,MNP
388159512245.53,5188607.0,2015,Norway,NOR
370956547619.048,5234519.0,2016,Norway,NOR
401745275035.261,5276968.0,2017,Norway,NOR
439788625883.8,5311916.0,2018,Norway,NOR
78710793237.9714,4184895.0,2015,Oman,OMN
75128738621.5865,4390877.0,2016,Oman,OMN
80856697009.1027,4537396.0,2017,Oman,OMN
91505851755.5267,4597877.0,2018,Oman,OMN
299963590534.773,217290883.0,2015,Pakistan,PAK
313630000130.435,220138869.0,2016,Pakistan,PAK
339205534861.1,223273967.0,2017,Pakistan,PAK
356128166704.921,226928892.0,2018,Pakistan,PAK
287057525.634766,17770.0,2015,Palau,PLW
305227020.263672,17797.0,2016,Palau,PLW
292148590.087891,17812.0,2017,Palau,PLW
287998352.050781,17814.0,2018,Palau,PLW
55767806073.1781,3960035.0,2015,Panama,PAN
59760858717.8359,4029086.0,2016,Panama,PAN
64327688826.3137,4098707.0,2017,Panama,PAN
67316471181.2488,4167860.0,2018,Panama,PAN
21723437010.0982,8743246.0,2015,Papua New Guinea,PNG
20758876952.6232,8961718.0,2016,Papua New Guinea,PNG
22742699138.356,9178714.0,2017,Papua New Guinea,PNG
24109780708.0268,9394513.0,2018,Papua New Guinea,PNG
36211447840.1027,6159103.0,2015,Paraguay,PRY
36089700222.9546,6249126.0,2016,Paraguay,PRY
38997129473.5613,6338660.0,2017,Paraguay,PRY
40225448340.6341,6427382.0,2018,Paraguay,PRY
189802976285.619,30457600.0,2015,Peru,PER
191898104390.379,30866494.0,2016,Peru,PER
211007984080.911,31324637.0,2017,Peru,PER
222597009739.235,31897584.0,2018,Peru,PER
306445871242.322,105312992.0,2015,Philippines,PHL
318627003016.731,106735719.0,2016,Philippines,PHL
328480736802.76,108119693.0,2017,Philippines,PHL
346841896587.313,109465287.0,2018,Philippines,PHL
480054118583.367,37986412.0,2015,Poland,POL
473259583969.643,37970087.0,2016,Poland,POL
528356676667.211,37974826.0,2017,Poland,POL
594616687350.017,37974750.0,2018,Poland,POL
199038523119.639,10358076.0,2015,Portugal,PRT
206305431241.638,10325452.0,2016,Portugal,PRT
220862990767.229,10300300.0,2017,Portugal,PRT
242092894542.888,10283822.0,2018,Portugal,PRT
103375500000.0,3535167.0,2015,Puerto Rico,PRI
104336700000.0,3480432.0,2016,Puerto Rico,PRI
103445500000.0,3410837.0,2017,Puerto Rico,PRI
100958100000.0,3290690.0,2018,Puerto Rico,PRI
161739835164.835,2344557.0,2015,Qatar,QAT
151732142857.143,2477113.0,2016,Qatar,QAT
161099175824.176,2545820.0,2017,Qatar,QAT
183335164835.165,2580734.0,2018,Qatar,QAT
177885131240.315,19815616.0,2015,Romania,ROU
185290759248.844,19702267.0,2016,Romania,ROU
210147385855.419,19588715.0,2017,Romania,ROU
241791427223.903,19473970.0,2018,Romania,ROU
1363482182197.71,144640716.0,2015,Russian Federation,RUS
1276786350881.14,145015460.0,2016,Russian Federation,RUS
1574199360089.0,145293260.0,2017,Russian Federation,RUS
1657328773461.31,145398106.0,2018,Russian Federation,RUS
8543760199.80208,11640022.0,2015,Rwanda,RWA
8695272057.91798,11919183.0,2016,Rwanda,RWA
9252833891.40871,12202060.0,2017,Rwanda,RWA
9637904520.86283,12487996.0,2018,Rwanda,RWA
824150498.653536,201782.0,2015,Samoa,WSM
843924796.697421,203499.0,2016,Samoa,WSM
884844384.463214,205415.0,2017,Samoa,WSM
878448433.404342,207582.0,2018,Samoa,WSM
1419401070.56043,32897.0,2015,San Marino,SMR
1468343139.74326,33101.0,2016,San Marino,SMR
1528620346.31168,33825.0,2017,San Marino,SMR
1655353653.05934,34522.0,2018,San Marino,SMR
259999643.047388,200291.0,2015,Sao Tome and Principe,STP
292267272.196925,203689.0,2016,Sao Tome and Principe,STP
322002845.229335,206970.0,2017,Sao Tome and Principe,STP
383717327.830508,210187.0,2018,Sao Tome and Principe,STP
693414400000.0,29816382.0,2015,Saudi Arabia,SAU
689279466666.667,30954198.0,2016,Saudi Arabia,SAU
741266133333.333,30977355.0,2017,Saudi Arabia,SAU
886564800000.0,30196281.0,2018,Saudi Arabia,SAU
17774766696.1759,14593331.0,2015,Senegal,SEN
19040312333.1864,15034521.0,2016,Senegal,SEN
20996562943.5979,15475002.0,2017,Senegal,SEN
23116701556.1381,15914498.0,2018,Senegal,SEN
41297410634.9586,7095383.0,2015,Serbia,SRB
42225495909.5633,7058322.0,2016,Serbia,SRB
45972834713.8077,7020858.0,2017,Serbia,SRB
52787520248.9242,6982604.0,2018,Serbia,SRB
1432403352.12944,93419.0,2015,Seychelles,SYC
1568513348.14463,94677.0,2016,Seychelles,SYC
1675370641.01416,95843.0,2017,Seychelles,SYC
1784313926.76807,96762.0,2018,Seychelles,SYC
6788352974.78329,7037655.0,2015,Sierra Leone,SLE
6084297211.10217,7205328.0,2016,Sierra Leone,SLE
5749846528.48046,7379299.0,2017,Sierra Leone,SLE
6390514688.52816,7554563.0,2018,Sierra Leone,SLE
307998545269.398,5535002.0,2015,Singapore,SGP
319646468521.497,5607283.0,2016,Singapore,SGP
343673334902.33,5612253.0,2017,Singapore,SGP
377123710560.614,5638676.0,2018,Singapore,SGP
1417888715.0838,37471.0,2015,Sint Maarten (Dutch part),SXM
1427017206.70391,38249.0,2016,Sint Maarten (Dutch part),SXM
1353212122.90503,38996.0,2017,Sint Maarten (Dutch part),SXM
1259200446.92737,39712.0,2018,Sint Maarten (Dutch part),SXM
89178548717.3324,5423801.0,2015,Slovak Republic,SVK
90347173228.6356,5430798.0,2016,Slovak Republic,SVK
95978130734.9766,5439232.0,2017,Slovak Republic,SVK
106611673364.837,5446771.0,2018,Slovak Republic,SVK
42709468274.8137,2063531.0,2015,Slovenia,SVN
44290685824.0682,2065042.0,2016,Slovenia,SVN
48153200134.6613,2066388.0,2017,Slovenia,SVN
53689067639.9176,2073894.0,2018,Slovenia,SVN
1307908813.59962,639415.0,2015,Solomon Islands,SLB
1379486290.71433,662379.0,2016,Solomon Islands,SLB
1469790526.3972,685672.0,2017,Solomon Islands,SLB
1615473250.25259,709101.0,2018,Solomon Islands,SLB
6152149099.99942,13806963.0,2015,Somalia,SOM
6613743069.99912,14348740.0,2016,Somalia,SOM
7621501710.0012,14916629.0,2017,Somalia,SOM
7873000000.0,15452487.0,2018,Somalia,SOM
346709790458.563,56723537.0,2015,South Africa,ZAF
323585509674.481,57259551.0,2016,South Africa,ZAF
381448814653.456,57635162.0,2017,South Africa,ZAF
405260723892.517,58613001.0,2018,South Africa,ZAF
11997800760.2242,11107561.0,2015,South Sudan,SSD
11997800760.2242,10830102.0,2016,South Sudan,SSD
11997800760.2242,10259154.0,2017,South Sudan,SSD
11997800760.2242,10122977.0,2018,South Sudan,SSD
1206164777553.12,46422303.0,2015,Spain,ESP
1243015667917.12,46458139.0,2016,Spain,ESP
1321754088818.83,46571232.0,2017,Spain,ESP
1431642809327.06,46782011.0,2018,Spain,ESP
85090301052.0465,20970000.0,2015,Sri Lanka,LKA
88000211171.5956,21209000.0,2016,Sri Lanka,LKA
94369350285.5814,21453000.0,2017,Sri Lanka,LKA
94450015982.8405,21670000.0,2018,Sri Lanka,LKA
51726758676.7677,40024431.0,2015,Sudan,SDN
42630376000.0,41259892.0,2016,Sudan,SDN
41283617976.1905,42714306.0,2017,Sudan,SDN
32333780383.2924,44230596.0,2018,Sudan,SDN
5126237646.22072,581627.0,2015,Suriname,SUR
3317421648.09918,587757.0,2016,Suriname,SUR
3591679430.99988,593713.0,2017,Suriname,SUR
3996198866.57453,599513.0,2018,Suriname,SUR
501602351911.6,9799186.0,2015,Sweden,SWE
513058312950.939,9923085.0,2016,Sweden,SWE
535172356784.769,10057698.0,2017,Sweden,SWE
549649344043.182,10175214.0,2018,Sweden,SWE
694118186379.628,8282396.0,2015,Switzerland,CHE
687895460902.713,8373338.0,2016,Switzerland,CHE
695200833086.499,8451840.0,2017,Switzerland,CHE
725568717468.001,8514329.0,2018,Switzerland,CHE
16466863117.0009,19424618.0,2015,Syrian Arab Republic,SYR
12597854877.4254,19193834.0,2016,Syrian Arab Republic,SYR
16369843352.3453,19224668.0,2017,Syrian Arab Republic,SYR
21497782867.6426,19577845.0,2018,Syrian Arab Republic,SYR
8271431485.07484,8643840.0,2015,Tajikistan,TJK
6992416096.89018,8865631.0,2016,Tajikistan,TJK
7536402852.85802,9085946.0,2017,Tajikistan,TJK
7764999999.45362,9307333.0,2018,Tajikistan,TJK
47413919817.124,52020962.0,2015,Tanzania,TZA
49774409374.4538,53824013.0,2016,Tanzania,TZA
53274884532.7886,55652890.0,2017,Tanzania,TZA
57003712892.0858,57437145.0,2018,Tanzania,TZA
401296238228.084,70540795.0,2015,Thailand,THA
413366349747.508,70859841.0,2016,Thailand,THA
456356813536.764,71160187.0,2017,Thailand,THA
506754208404.485,71376079.0,2018,Thailand,THA
1590282371.46446,1205131.0,2015,Timor-Leste,TLS
1640464612.08088,1228312.0,2016,Timor-Leste,TLS
1584878439.93596,1251703.0,2017,Timor-Leste,TLS
1555988614.43594,1275959.0,2018,Timor-Leste,TLS
5755457836.01866,7663195.0,2015,Togo,TGO
6071167584.1951,7858289.0,2016,Togo,TGO
6387424239.8801,8057140.0,2017,Togo,TGO
7029215766.46367,8258778.0,2018,Togo,TGO
437525514.240726,106095.0,2015,Tonga,TON
420828262.317922,105524.0,2016,Tonga,TON
459976850.268529,105356.0,2017,Tonga,TON
493530783.00463,105567.0,2018,Tonga,TON
26841141793.2143,1349667.0,2015,Trinidad and Tobago,TTO
23624322192.6274,1353895.0,2016,Trinidad and Tobago,TTO
23830750900.6899,1356633.0,2017,Trinidad and Tobago,TTO
23883058083.2171,1359193.0,2018,Trinidad and Tobago,TTO
45779494041.9295,11402264.0,2015,Tunisia,TUN
44360072680.4476,11528674.0,2016,Tunisia,TUN
42163530590.9462,11650498.0,2017,Tunisia,TUN
42686504459.801,11765514.0,2018,Tunisia,TUN
35799714285.7143,6215770.0,2015,Turkmenistan,TKM
36169428571.4286,6360041.0,2016,Turkmenistan,TKM
37926285714.2857,6507061.0,2017,Turkmenistan,TKM
40765428571.4286,6655524.0,2018,Turkmenistan,TKM
1078274000.0,36605.0,2015,Turks and Caicos Islands,TCA
1202078000.0,38315.0,2016,Turks and Caicos Islands,TCA
1197958000.0,39913.0,2017,Turks and Caicos Islands,TCA
1314329000.0,41559.0,2018,Turks and Caicos Islands,TCA
36811936.0824587,10963.0,2015,Tuvalu,TUV
41629064.2232388,10930.0,2016,Tuvalu,TUV
45276595.3533146,10869.0,2017,Tuvalu,TUV
48015259.8751356,10751.0,2018,Tuvalu,TUV
32387183730.1002,37531446.0,2015,Uganda,UGA
29203988696.2626,38799152.0,2016,Uganda,UGA
30744473841.424,40177388.0,2017,Uganda,UGA
32927025619.6795,41565831.0,2018,Uganda,UGA
91030967789.0717,45784896.0,2015,Ukraine,UKR
93355869403.9223,45616832.0,2016,Ukraine,UKR
112090505081.739,45436041.0,2017,Ukraine,UKR
130891088293.55,45208907.0,2018,Ukraine,UKR
381973042886.317,8505237.0,2015,United Arab Emirates,ARE
381717086453.37,8935095.0,2016,United Arab Emirates,ARE
403365010211.028,9223225.0,2017,United Arab Emirates,ARE
440560108917.631,9346701.0,2018,United Arab Emirates,ARE
2945579890258.46,65088000.0,2015,United Kingdom,GBR
2706807606538.73,65607000.0,2016,United Kingdom,GBR
2699118387873.1,65966000.0,2017,United Kingdom,GBR
2897028009916.05,66289000.0,2018,United Kingdom,GBR
18206020741000.0,321815121.0,2015,United States,USA
18695110842000.0,324353340.0,2016,United States,USA
19477336549000.0,326608609.0,2017,United States,USA
20533057312000.0,328529577.0,2018,United States,USA
57680327998.6689,3368017.0,2015,Uruguay,URY
57480787465.2716,3379283.0,2016,Uruguay,URY
65005997963.4822,3388438.0,2017,Uruguay,URY
65344577415.7535,3394534.0,2018,Uruguay,URY
86196264755.3105,30749346.0,2015,Uzbekistan,UZB
86138288644.171,31284568.0,2016,Uzbekistan,UZB
69703222282.7278,31819178.0,2017,Uzbekistan,UZB
58695899092.1083,32373490.0,2018,Uzbekistan,UZB
759690180.951654,266101.0,2015,Vanuatu,VUT
804323576.861028,272087.0,2016,Vanuatu,VUT
880043284.399407,278507.0,2017,Vanuatu,VUT
914727908.137793,285259.0,2018,Vanuatu,VUT
125449241571.391,30573972.0,2015,Venezuela,VEN
112915034262.314,30765720.0,2016,Venezuela,VEN
115883275162.586,30565323.0,2017,Venezuela,VEN
102021093964.682,29807592.0,2018,Venezuela,VEN
239258328381.741,92823254.0,2015,Viet Nam,VNM
257096001177.982,94000117.0,2016,Viet Nam,VNM
281353605986.903,95176977.0,2017,Viet Nam,VNM
310106478394.659,96237319.0,2018,Viet Nam,VNM
42444490073.8555,31159379.0,2015,Yemen,YEM
31317825274.1507,32109010.0,2016,Yemen,YEM
26842229044.5848,33090921.0,2017,Yemen,YEM
21606160663.0318,34085182.0,2018,Yemen,YEM
21251216798.7762,16399089.0,2015,Zambia,ZMB
20958412538.3093,16914423.0,2016,Zambia,ZMB
25873601260.8353,17441320.0,2017,Zambia,ZMB
26311507273.6735,17973569.0,2018,Zambia,ZMB
19973250000.0,14399013.0,2015,Zimbabwe,ZWE
20559250000.0,14600294.0,2016,Zimbabwe,ZWE
51035657370.5179,14812482.0,2017,Zimbabwe,ZWE
34141666666.6667,15034452.0,2018,Zimbabwe,ZWE
